
[
    {
        "model": "accounts.authuser",
        "pk": 1,
        "fields": {
            "password": "pbkdf2_sha256$320000$xXcJPef7HEX7dRHMDKUmD3$wICYTH0HHj39mhWYwBJflQ+r9GMOcTC2sjs14Dy12xw=",
            "last_login": "2023-01-17T23:09:39.464Z",
            "is_superuser": true,
            "username": "sysadmin",
            "is_staff": true,
            "is_active": true,
            "date_joined": "2023-01-17T14:43:46.086Z",
            "first_name": "",
            "last_name": "",
            "email": "sysadmin@up.edu.ph",
            "college": null,
            "department": null,
            "user_type": null,
            "groups": [],
            "user_permissions": []
        }
        },
        {
        "model": "accounts.authuser",
        "pk": 6,
        "fields": {
            "password": "pbkdf2_sha256$320000$kgsJCyat2aveijgdcSV3Gu$vOque1U4CtJoQwZ1BAjqg+Sz5aq16bBu37xo1FtaqBU=",
            "last_login": null,
            "is_superuser": false,
            "username": "casao",
            "is_staff": false,
            "is_active": true,
            "date_joined": "2023-01-17T23:13:25.328Z",
            "first_name": "cas",
            "last_name": "ao",
            "email": "casao@up.edu.ph",
            "college": 2,
            "department": null,
            "user_type": 5,
            "groups": [],
            "user_permissions": []
        }
        },
        {
        "model": "accounts.authuser",
        "pk": 7,
        "fields": {
            "password": "pbkdf2_sha256$320000$sRl4PmAQw9BefCiLxFADnP$xYbe+hKrh8lpNnfHxbdFWZ56Li6hLWZDkHjZbXqlhes=",
            "last_login": null,
            "is_superuser": false,
            "username": "campao",
            "is_staff": false,
            "is_active": true,
            "date_joined": "2023-01-17T23:17:20.348Z",
            "first_name": "camp",
            "last_name": "ao",
            "email": "campao@up.edu.ph",
            "college": 1,
            "department": null,
            "user_type": 5,
            "groups": [],
            "user_permissions": []
        }
        },
        {
        "model": "accounts.authuser",
        "pk": 8,
        "fields": {
            "password": "pbkdf2_sha256$320000$z2knSIfXSUoB0yR1AEXlMo$g8uxsgrXkrqlb+BpGE8dK+4qftvA1ABB/YkU87CnHcY=",
            "last_login": null,
            "is_superuser": false,
            "username": "cdao",
            "is_staff": false,
            "is_active": true,
            "date_joined": "2023-01-17T23:21:04.936Z",
            "first_name": "cd",
            "last_name": "ao",
            "email": "cdao@up.edu.ph",
            "college": 4,
            "department": null,
            "user_type": 5,
            "groups": [],
            "user_permissions": []
        }
        },
        {
        "model": "accounts.authuser",
        "pk": 9,
        "fields": {
            "password": "pbkdf2_sha256$320000$g6I2P1Bx9xTW8qb6f5tirY$d92B+D6eU12zEesShp76Zt4+wquTxRqaX0fj3TpbpHo=",
            "last_login": null,
            "is_superuser": false,
            "username": "cmao",
            "is_staff": false,
            "is_active": true,
            "date_joined": "2023-01-17T23:21:45.699Z",
            "first_name": "cm",
            "last_name": "ao",
            "email": "cmao@up.edu.ph",
            "college": 11,
            "department": null,
            "user_type": 5,
            "groups": [],
            "user_permissions": []
        }
        },
        {
        "model": "accounts.authuser",
        "pk": 10,
        "fields": {
            "password": "pbkdf2_sha256$320000$gub1luHnIVeR5Rf9XMwG5l$0N1kBHNCBLoLekO5FShpSE9ZDC8/oZPIvtcX3PLqMic=",
            "last_login": null,
            "is_superuser": false,
            "username": "cpao",
            "is_staff": false,
            "is_active": true,
            "date_joined": "2023-01-17T23:22:32.232Z",
            "first_name": "cp",
            "last_name": "ao",
            "email": "cpao@up.edu.ph",
            "college": 6,
            "department": null,
            "user_type": 5,
            "groups": [],
            "user_permissions": []
        }
        },
        {
        "model": "accounts.authuser",
        "pk": 11,
        "fields": {
            "password": "pbkdf2_sha256$320000$780wSvnTkdGXNa60ydu86B$Nkrqtio7lkMC/5ky2Dbj0HsLaI1SjC+6Dli7HGtj0E4=",
            "last_login": null,
            "is_superuser": false,
            "username": "cphao",
            "is_staff": false,
            "is_active": true,
            "date_joined": "2023-01-17T23:24:44.626Z",
            "first_name": "cph",
            "last_name": "ao",
            "email": "cphao@up.edu.ph",
            "college": 10,
            "department": null,
            "user_type": 5,
            "groups": [],
            "user_permissions": []
        }
        },
        {
        "model": "accounts.authuser",
        "pk": 12,
        "fields": {
            "password": "pbkdf2_sha256$320000$UFXMlNEiOJhoHHiGZle62s$2xfNmglFyQtnea7aiIpPYaQTWMNcF5U2pISQguFdthM=",
            "last_login": null,
            "is_superuser": false,
            "username": "casadpd",
            "is_staff": false,
            "is_active": true,
            "date_joined": "2023-01-17T23:31:20.287Z",
            "first_name": "cas",
            "last_name": "adpd",
            "email": "casadpd@up.edu.ph",
            "college": 2,
            "department": null,
            "user_type": 4,
            "groups": [],
            "user_permissions": []
        }
        },
        {
        "model": "accounts.authuser",
        "pk": 13,
        "fields": {
            "password": "pbkdf2_sha256$320000$ITVZIK5zQrujTSQbh79q91$XNHlC7BgVOXlfcLGxKMrtuf4WTGKv7nY3ztq0KtO4bk=",
            "last_login": null,
            "is_superuser": false,
            "username": "campadpd",
            "is_staff": false,
            "is_active": true,
            "date_joined": "2023-01-18T00:44:08.008Z",
            "first_name": "camp",
            "last_name": "adpd",
            "email": "campadpd@up.edu.ph",
            "college": 1,
            "department": null,
            "user_type": 4,
            "groups": [],
            "user_permissions": []
        }
        },
        {
        "model": "accounts.authuser",
        "pk": 14,
        "fields": {
            "password": "pbkdf2_sha256$320000$lhM5d7xpEVFYrrywdHWnaW$qkYxTNfvgOrItSlgv+GR9bjg5uCSnaaxmaBiS+fUSas=",
            "last_login": null,
            "is_superuser": false,
            "username": "cdadpd",
            "is_staff": false,
            "is_active": true,
            "date_joined": "2023-01-18T00:44:52.936Z",
            "first_name": "cd",
            "last_name": "adpd",
            "email": "cdadpd@up.edu.ph",
            "college": 4,
            "department": null,
            "user_type": 4,
            "groups": [],
            "user_permissions": []
        }
        },
        {
        "model": "accounts.authuser",
        "pk": 15,
        "fields": {
            "password": "pbkdf2_sha256$320000$eJTvMIZBCglV6At2KbqnUu$3cOdPVypK+58xXmfELfbygMPEhKd1T9KgZ7YnkLvY8A=",
            "last_login": null,
            "is_superuser": false,
            "username": "cnadpd",
            "is_staff": false,
            "is_active": true,
            "date_joined": "2023-01-18T00:45:33.615Z",
            "first_name": "cn",
            "last_name": "adpd",
            "email": "cnadpd@up.edu.ph",
            "college": 5,
            "department": null,
            "user_type": 4,
            "groups": [],
            "user_permissions": []
        }
        },
        {
        "model": "accounts.authuser",
        "pk": 16,
        "fields": {
            "password": "pbkdf2_sha256$320000$qT0ZQeGALQ0Y8aDbbO29YS$9zMeNJOGHXY34I2XJmKhQSl1oC8iWxGVrzS1ts0KJQs=",
            "last_login": null,
            "is_superuser": false,
            "username": "cnao",
            "is_staff": false,
            "is_active": true,
            "date_joined": "2023-01-18T00:46:28.390Z",
            "first_name": "cn",
            "last_name": "ao",
            "email": "cnao@up.edu.ph",
            "college": 5,
            "department": null,
            "user_type": 4,
            "groups": [],
            "user_permissions": []
        }
        },
        {
        "model": "accounts.authuser",
        "pk": 17,
        "fields": {
            "password": "pbkdf2_sha256$320000$W4PKoF9ogJ9WqVdgFCw4ud$vvvAS7+A5EF4cq+RDZbL4mcu2H7vSQoGFB810Q8J2sE=",
            "last_login": null,
            "is_superuser": false,
            "username": "cpadpd",
            "is_staff": false,
            "is_active": true,
            "date_joined": "2023-01-18T00:47:17.131Z",
            "first_name": "cp",
            "last_name": "adpd",
            "email": "cpadpd@up.edu.ph",
            "college": 6,
            "department": null,
            "user_type": 4,
            "groups": [],
            "user_permissions": []
        }
        },
        {
        "model": "accounts.authuser",
        "pk": 18,
        "fields": {
            "password": "pbkdf2_sha256$320000$v56cbeiGjr3TCEb5a3erZe$ZOdEdp1PD85zuXYQ7fDZv1glRURgCR9P1QWxer66/AM=",
            "last_login": null,
            "is_superuser": false,
            "username": "cphadpd",
            "is_staff": false,
            "is_active": true,
            "date_joined": "2023-01-18T00:48:00.569Z",
            "first_name": "cph",
            "last_name": "adpd",
            "email": "cphadpd@up.edu.ph",
            "college": 10,
            "department": null,
            "user_type": 4,
            "groups": [],
            "user_permissions": []
        }
        },
        {
        "model": "accounts.authuser",
        "pk": 19,
        "fields": {
            "password": "pbkdf2_sha256$320000$GCg5tc6GbzBA5ldIpEr9Hy$pLBrv0IcfMt+c5cBhu+PvhnYPfpfrKJBtmsNEpLlZeM=",
            "last_login": null,
            "is_superuser": false,
            "username": "cmadpd",
            "is_staff": false,
            "is_active": true,
            "date_joined": "2023-01-18T00:48:31.522Z",
            "first_name": "cm",
            "last_name": "adpd",
            "email": "cmadpd@up.edu.ph",
            "college": 11,
            "department": null,
            "user_type": 4,
            "groups": [],
            "user_permissions": []
        }
        },
        {
        "model": "accounts.adpd",
        "pk": 1,
        "fields": {
            "user": 12,
            "college": null
        }
        },
        {
        "model": "accounts.adpd",
        "pk": 2,
        "fields": {
            "user": 13,
            "college": null
        }
        },
        {
        "model": "accounts.adpd",
        "pk": 3,
        "fields": {
            "user": 14,
            "college": null
        }
        },
        {
        "model": "accounts.adpd",
        "pk": 4,
        "fields": {
            "user": 15,
            "college": null
        }
        },
        {
        "model": "accounts.adpd",
        "pk": 5,
        "fields": {
            "user": 16,
            "college": null
        }
        },
        {
        "model": "accounts.adpd",
        "pk": 6,
        "fields": {
            "user": 17,
            "college": null
        }
        },
        {
        "model": "accounts.adpd",
        "pk": 7,
        "fields": {
            "user": 18,
            "college": null
        }
        },
        {
        "model": "accounts.adpd",
        "pk": 8,
        "fields": {
            "user": 19,
            "college": null
        }
        },
        {
        "model": "accounts.ao",
        "pk": 1,
        "fields": {
            "user": 6,
            "college": null
        }
        },
        {
        "model": "accounts.ao",
        "pk": 2,
        "fields": {
            "user": 7,
            "college": null
        }
        },
        {
        "model": "accounts.ao",
        "pk": 3,
        "fields": {
            "user": 8,
            "college": null
        }
        },
        {
        "model": "accounts.ao",
        "pk": 4,
        "fields": {
            "user": 9,
            "college": null
        }
        },
        {
        "model": "accounts.ao",
        "pk": 5,
        "fields": {
            "user": 10,
            "college": null
        }
        },
        {
        "model": "accounts.ao",
        "pk": 6,
        "fields": {
            "user": 11,
            "college": null
        }
        },
        
    {
        "model": "UPM.College",
        "pk": 1,
        "fields":{
            "name": "College of Allied Medical Professions",
            "slug": "college-of-allied-medical-professions"
        }
    },
    {
        "model": "UPM.College",
        "pk": 2,
        "fields":{
            "name": "College of Arts and Sciences",
            "slug": "college-of-arts-and-sciences"
        }
    },

    {
        "model": "UPM.College",
        "pk": 3,
        "fields":{
            "name": "Central Administration (8th Floor)",
            "slug": "central-administration-8th-floor"
        }
    },
    
    {
        "model": "UPM.College",
        "pk": 4,
        "fields":{
            "name": "College of Dentistry",
            "slug": "college-of-dentistry"
        }
    },
    {
        "model": "UPM.College",
        "pk": 5,
        "fields":{
            "name": "College of Nursing",
            "slug": "college-of-nursing"
        }
    },
    {
        "model": "UPM.College",
        "pk": 6,
        "fields":{
            "name": "College of Pharmacy",
            "slug": "college-of-pharmacy"
        }
    },
    {
        "model": "UPM.College",
        "pk": 7,
        "fields":{
            "name": "Campus Planning Development and Maintenance",
            "slug": "campus-planning-development-and-maintenance"
        }
    },
    {
        "model": "UPM.College",
        "pk": 8,
        "fields":{
            "name": "ITC Building (Joaquin Gonzales Compound)",
            "slug": "itc-building-joaquin-gonzales-compound"
        }
    },
    {
        "model": "UPM.College",
        "pk": 9,
        "fields":{
            "name": "University of the Philippines",
            "slug": "university-of-the-philippines"
        }
    },
    {
        "model": "UPM.College",
        "pk": 10,
        "fields":{
            "name": "College of Public Health",
            "slug": "college-of-public-health"
        }
    },
    {
        "model": "UPM.College",
        "pk": 11,
        "fields":{
            "name": "College of Medicine",
            "slug": "college-of-medicine"
        }
    },

    {
        "model": "UPM.RoomType",
        "pk": 1,
        "fields":{
            "name": "Main Space",
            "slug": "main-space"
        }
    },

    {
        "model": "UPM.Building",
        "pk": 1,
        "fields":{
            "name": "College of Allied Medical Professions",
            "college": 1,
            "slug": "college-of-allied-medical-professions"
        }
    },
    {
        "model": "UPM.Building",
        "pk": 2,
        "fields":{
            "name": "Gusaling Andres Bonifacio",
            "college": 2,
            "slug": "gusaling-andres-bonifacio"
        }
    },
    {
        "model": "UPM.Building",
        "pk": 3,
        "fields":{
            "name": "CAS",
            "college": 2,
            "slug": "cas"
        }
    },
    {
        "model": "UPM.Building",
        "pk": 4,
        "fields":{
            "name": "CAD",
            "college": 3,
            "slug": "cad"
        }
    },
    {
        "model": "UPM.Building",
        "pk": 5,
        "fields":{
            "name": "College of Dentistry",
            "college": 4,
            "slug": "college-of-dentistry"
        }
    },
    {
        "model": "UPM.Building",
        "pk": 6,
        "fields":{
            "name": "Sotejo Hall",
            "college": 5,
            "slug": "sotejo-hall"
        }
    },
    {
        "model": "UPM.Building",
        "pk": 7,
        "fields":{
            "name": "Valenzuela Hall",
            "college": 6,
            "slug": "valenzuela-hall"
        }
    },
    {
        "model": "UPM.Building",
        "pk": 8,
        "fields":{
            "name": "Campus Planning Development and Maintenance",
            "college": 7,
            "slug": "campus-planning-development-and-maintenance"
        }
    },
    {
        "model": "UPM.Building",
        "pk": 9,
        "fields":{
            "name": "ITC Building (Joaquin Gonzales Compound)",
            "college": 8,
            "slug": "itc-building-joaquin-gonzales-compound"
        }
    },
    {
        "model": "UPM.Building",
        "pk": 10,
        "fields":{
            "name": "Museum of History of Ideas",
            "college": 9,
            "slug": "museum-of-history-of-ideas"
        }
    },
    {
        "model": "UPM.Building",
        "pk": 11,
        "fields":{
            "name": "Lara Hall",
            "college": 10,
            "slug": "lara-hall"
        }
    },
    {
        "model": "UPM.Building",
        "pk": 12,
        "fields":{
            "name": "Sports of Wellness Center",
            "college": 2,
            "slug": "sports-of-wellness-center"
        }
    },

    

    {
        "model": "UPM.Room",
        "pk": 1,
        "fields":{
            "name": "CAMP Audio Visual Room",
            "slug": "camp-audio-visual-room",
            "room_type": 1,
            "college": 1,
            "building": 1,
            "capacity": "60"
        }
    },

    {
        "model": "UPM.Room",
        "pk": 2,
        "fields":{
            "name": "Room 201",
            "slug": "room-201",
            "room_type": 1,
            "college": 1,
            "building": 1,
            "capacity": "30"
        }
    },
    {
        "model": "UPM.Room",
        "pk": 3,
        "fields":{
            "name": "Room 204",
            "slug": "room-204",
            "room_type": 1,
            "college": 1,
            "building": 1,
            "capacity": "15"
        }
    },
    {
        "model": "UPM.Room",
        "pk": 4,
        "fields":{
            "name": "Room 205",
            "slug": "room-205",
            "room_type": 1,
            "college": 1,
            "building": 1,
            "capacity": "8"
        }
    },
    {
        "model": "UPM.Room",
        "pk": 5,
        "fields":{
            "name": "Room 301, 302, 303",
            "slug": "room-301-302-303",
            "room_type": 1,
            "college": 1,
            "building": 1,
            "capacity": "100"
        }
    },
    {
        "model": "UPM.Room",
        "pk": 6,
        "fields":{
            "name": "Room 304",
            "slug": "room-304",
            "room_type": 1,
            "college": 1,
            "building": 1,
            "capacity": "28"
        }
    },
    {
        "model": "UPM.Room",
        "pk": 7,
        "fields":{
            "name": "Room 305",
            "slug": "room-305",
            "room_type": 1,
            "college": 1,
            "building": 1,
            "capacity": "1"
        }
    },
    {
        "model": "UPM.Room",
        "pk": 8,
        "fields":{
            "name": "Room 306",
            "slug": "room-306",
            "room_type": 1,
            "college": 1,
            "building": 1,
            "capacity": "5"
        }
    },
    {
        "model": "UPM.Room",
        "pk": 9,
        "fields":{
            "name": "Room 401, 402, 403",
            "slug": "room-401-402-403",
            "room_type": 1,
            "college": 1,
            "building": 1,
            "capacity": "50"
        }
    },
    {
        "model": "UPM.Room",
        "pk": 10,
        "fields":{
            "name": "OT Laboratory",
            "slug": "ot-laboratory",
            "room_type": 1,
            "college": 1,
            "building": 1,
            "capacity": "30"
        }
    },
    {
        "model": "UPM.Room",
        "pk": 11,
        "fields":{
            "name": "CAMP Classroom 1",
            "slug": "camp-classroom-1",
            "room_type": 1,
            "college": 1,
            "building": 1,
            "capacity": "30"
        }
    },
    {
        "model": "UPM.Room",
        "pk": 12,
        "fields":{
            "name": "CAMP Classroom 2",
            "slug": "camp-classroom-2",
            "room_type": 1,
            "college": 1,
            "building": 1,
            "capacity": "30"
        }
    },
    {
        "model": "UPM.Room",
        "pk": 13,
        "fields":{
            "name": "CAMP Classroom 3",
            "slug": "camp-classroom-3",
            "room_type": 1,
            "college": 1,
            "building": 1,
            "capacity": "30"
        }
    },
    {
        "model": "UPM.Room",
        "pk": 14,
        "fields":{
            "name": "CAMP Classroom 4",
            "slug": "camp-classroom-4",
            "room_type": 1,
            "college": 1,
            "building": 1,
            "capacity": "30"
        }
    },
    {
        "model": "UPM.Room",
        "pk": 15,
        "fields":{
            "name": "CAMP Conference Room",
            "slug": "camp-conference-room",
            "room_type": 1,
            "college": 1,
            "building": 1,
            "capacity": "15"
        }
    },
    {
        "model": "UPM.Room",
        "pk": 16,
        "fields":{
            "name": "GAB 101",
            "slug": "gab-101",
            "room_type": 1,
            "college": 2,
            "building": 2,
            "capacity": "25"
        }
    },
    {
        "model": "UPM.Room",
        "pk": 17,
        "fields":{
            "name": "GAB 102",
            "slug": "gab-102",
            "room_type": 1,
            "college": 2,
            "building": 2,
            "capacity": "72"
        }
    },
    {
        "model": "UPM.Room",
        "pk": 18,
        "fields":{
            "name": "GAB 103",
            "slug": "gab-103",
            "room_type": 1,
            "college": 2,
            "building": 2,
            "capacity": "25"
        }
    },
    {
        "model": "UPM.Room",
        "pk": 19,
        "fields":{
            "name": "GAB 104",
            "slug": "gab-104",
            "room_type": 1,
            "college": 2,
            "building": 2,
            "capacity": "72"
        }
    },
    {
        "model": "UPM.Room",
        "pk": 20,
        "fields":{
            "name": "GAB 105",
            "slug": "gab-105",
            "room_type": 1,
            "college": 2,
            "building": 2,
            "capacity": "42"
        }
    },
    {
        "model": "UPM.Room",
        "pk": 21,
        "fields":{
            "name": "GAB 107",
            "slug": "gab-107",
            "room_type": 1,
            "college": 2,
            "building": 2,
            "capacity": "47"
        }
    },
    {
        "model": "UPM.Room",
        "pk": 22,
        "fields":{
            "name": "GAB 203",
            "slug": "gab-203",
            "room_type": 1,
            "college": 2,
            "building": 2,
            "capacity": "24"
        }
    },
    {
        "model": "UPM.Room",
        "pk": 23,
        "fields":{
            "name": "GAB 204",
            "slug": "gab-204",
            "room_type": 1,
            "college": 2,
            "building": 2,
            "capacity": "24"
        }
    },
    {
        "model": "UPM.Room",
        "pk": 24,
        "fields":{
            "name": "GAB 205",
            "slug": "gab-205",
            "room_type": 1,
            "college": 2,
            "building": 2,
            "capacity": "22"
        }
    },
    {
        "model": "UPM.Room",
        "pk": 25,
        "fields":{
            "name": "GAB 206",
            "slug": "gab-206",
            "room_type": 1,
            "college": 2,
            "building": 2,
            "capacity": "24"
        }
    },
    {
        "model": "UPM.Room",
        "pk": 26,
        "fields":{
            "name": "GAB 207",
            "slug": "gab-207",
            "room_type": 1,
            "college": 2,
            "building": 2,
            "capacity": "22"
        }
    },
    {
        "model": "UPM.Room",
        "pk": 27,
        "fields":{
            "name": "GAB 208",
            "slug": "gab-208",
            "room_type": 1,
            "college": 2,
            "building": 2,
            "capacity": "40"
        }
    },
    {
        "model": "UPM.Room",
        "pk": 28,
        "fields":{
            "name": "GAB 302",
            "slug": "gab-302",
            "room_type": 1,
            "college": 2,
            "building": 2,
            "capacity": "8"
        }
    },
    {
        "model": "UPM.Room",
        "pk": 29,
        "fields":{
            "name": "GAB 301 A",
            "slug": "gab-301-a",
            "room_type": 1,
            "college": 2,
            "building": 2,
            "capacity": "21"
        }
    },
    {
        "model": "UPM.Room",
        "pk": 30,
        "fields":{
            "name": "GAB 301 B",
            "slug": "gab-301-b",
            "room_type": 1,
            "college": 2,
            "building": 2,
            "capacity": "39"
        }
    },
    {
        "model": "UPM.Room",
        "pk": 31,
        "fields":{
            "name": "GAB 303",
            "slug": "gab-303",
            "room_type": 1,
            "college": 2,
            "building": 2,
            "capacity": "80"
        }
    },
    {
        "model": "UPM.Room",
        "pk": 32,
        "fields":{
            "name": "GAB 304",
            "slug": "gab-304",
            "room_type": 1,
            "college": 2,
            "building": 2,
            "capacity": "24"
        }
    },
    {
        "model": "UPM.Room",
        "pk": 33,
        "fields":{
            "name": "GAB 306",
            "slug": "gab-306",
            "room_type": 1,
            "college": 2,
            "building": 2,
            "capacity": "41"
        }
    },
    {
        "model": "UPM.Room",
        "pk": 34,
        "fields":{
            "name": "GAB 308",
            "slug": "gab-308",
            "room_type": 1,
            "college": 2,
            "building": 2,
            "capacity": "71"
        }
    },
    {
        "model": "UPM.Room",
        "pk": 35,
        "fields":{
            "name": "GAB 309",
            "slug": "gab-309",
            "room_type": 1,
            "college": 2,
            "building": 2,
            "capacity": "2"
        }
    },
    {
        "model": "UPM.Room",
        "pk": 36,
        "fields":{
            "name": "GAB 401 Natural Prod. Research",
            "slug": "gab-401-natural-prod-research",
            "room_type": 1,
            "college": 2,
            "building": 2,
            "capacity": "24"
        }
    },
    {
        "model": "UPM.Room",
        "pk": 37,
        "fields":{
            "name": "GAB 402 MicroBiology Lab",
            "slug": "gab-402-microbiology-lab",
            "room_type": 1,
            "college": 2,
            "building": 2,
            "capacity": "32"
        }
    },
    {
        "model": "UPM.Room",
        "pk": 38,
        "fields":{
            "name": "GAB 404 MicroBiology Thesis Lab",
            "slug": "gab-403-microbiology-thesis-lab",
            "room_type": 1,
            "college": 2,
            "building": 2,
            "capacity": "5"
        }
    },
    {
        "model": "UPM.Room",
        "pk": 39,
        "fields":{
            "name": "GAB 405 Thesis Lab",
            "slug": "gab-405-thesis-lab",
            "room_type": 1,
            "college": 2,
            "building": 2,
            "capacity": "24"
        }
    },
    {
        "model": "UPM.Room",
        "pk": 40,
        "fields":{
            "name": "GAB 406 Cell Genetics & Molecular Lab Thesis",
            "slug": "gab-406-cell-genetics-molecular-lab-thesis",
            "room_type": 1,
            "college": 2,
            "building": 2,
            "capacity": "4"
        }
    },
    {
        "model": "UPM.Room",
        "pk": 41,
        "fields":{
            "name": "GAB 408 Genetics Molecular Lab",
            "slug": "gab-408-genetics-molecular-lab",
            "room_type": 1,
            "college": 2,
            "building": 2,
            "capacity": "21"
        }
    },
    {
        "model": "UPM.Room",
        "pk": 42,
        "fields":{
            "name": "GAB 410 General Biology",
            "slug": "gab-410-general-biology",
            "room_type": 1,
            "college": 2,
            "building": 2,
            "capacity": "4"
        }
    },
    {
        "model": "UPM.Room",
        "pk": 43,
        "fields":{
            "name": "GAB 501 Bio Chemistry",
            "slug": "gab-501-bio-chemistry",
            "room_type": 1,
            "college": 2,
            "building": 2,
            "capacity": "24"
        }
    },
    {
        "model": "UPM.Room",
        "pk": 44,
        "fields":{
            "name": "GAB 502 Organic Chem Lab",
            "slug": "gab-502-organic-chem-lab",
            "room_type": 1,
            "college": 2,
            "building": 2,
            "capacity": "20"
        }
    },
    {
        "model": "UPM.Room",
        "pk": 45,
        "fields":{
            "name": "GAB 504 Organic Chem Lab",
            "slug": "gab-504-organic-chem-lab",
            "room_type": 1,
            "college": 2,
            "building": 2,
            "capacity": "20"
        }
    },
    {
        "model": "UPM.Room",
        "pk": 46,
        "fields":{
            "name": "GAB 505 Animal Anatomy-Physio Lab",
            "slug": "gab-505-animal-anatomy-physio-lab",
            "room_type": 1,
            "college": 2,
            "building": 2,
            "capacity": "24"
        }
    },
    {
        "model": "UPM.Room",
        "pk": 47,
        "fields":{
            "name": "GAB 506 Animal Anatomy-Physio Lab",
            "slug": "gab-506-animal-anatomy-physio-lab",
            "room_type": 1,
            "college": 2,
            "building": 2,
            "capacity": "24"
        }
    },
    {
        "model": "UPM.Room",
        "pk": 48,
        "fields":{
            "name": "GAB 507 General Anatomy",
            "slug": "gab-507-general-anatomy",
            "room_type": 1,
            "college": 2,
            "building": 2,
            "capacity": "24"
        }
    },
    {
        "model": "UPM.Room",
        "pk": 49,
        "fields":{
            "name": "GAB 508 Animal House",
            "slug": "gab-508-animal-house",
            "room_type": 1,
            "college": 2,
            "building": 2,
            "capacity": "4"
        }
    },
    {
        "model": "UPM.Room",
        "pk": 50,
        "fields":{
            "name": "GAB 510 Animal House",
            "slug": "gab-510-animal-house",
            "room_type": 1,
            "college": 2,
            "building": 2,
            "capacity": "4"
        }
    },
    {
        "model": "UPM.Room",
        "pk": 51,
        "fields":{
            "name": "Alumni Conference",
            "slug": "alumni-conference",
            "room_type": 1,
            "college": 2,
            "building": 3,
            "capacity": "10"
        }
    },
    {
        "model": "UPM.Room",
        "pk": 52,
        "fields":{
            "name": "Lecture Hall",
            "slug": "lecture-hall",
            "room_type": 1,
            "college": 2,
            "building": 3,
            "capacity": "23"
        }
    },
    {
        "model": "UPM.Room",
        "pk": 53,
        "fields":{
            "name": "Computer Room",
            "slug": "compuet-room",
            "room_type": 1,
            "college": 2,
            "building": 3,
            "capacity": "21"
        }
    },
    {
        "model": "UPM.Room",
        "pk": 54,
        "fields":{
            "name": "Staff Room",
            "slug": "staff-room",
            "room_type": 1,
            "college": 2,
            "building": 3,
            "capacity": "1"
        }
    },
    {
        "model": "UPM.Room",
        "pk": 55,
        "fields":{
            "name": "Meeting Room",
            "slug": "meeting-room",
            "room_type": 1,
            "college": 2,
            "building": 3,
            "capacity": "8"
        }
    },
    {
        "model": "UPM.Room",
        "pk": 56,
        "fields":{
            "name": "Thesis Dence Room",
            "slug": "thesis-dence-room",
            "room_type": 1,
            "college": 2,
            "building": 3,
            "capacity": "10"
        }
    },
    {
        "model": "UPM.Room",
        "pk": 57,
        "fields":{
            "name": "Stats Room",
            "slug": "stats-room",
            "room_type": 1,
            "college": 2,
            "building": 3,
            "capacity": "20"
        }
    },
    {
        "model": "UPM.Room",
        "pk": 58,
        "fields":{
            "name": "DPSM Physics Lab 1",
            "slug": "dpsm-lab-1",
            "room_type": 1,
            "college": 2,
            "building": 3,
            "capacity": "33"
        }
    },
    {
        "model": "UPM.Room",
        "pk": 59,
        "fields":{
            "name": "DPSM Physics Lab 2",
            "slug": "dpsm-lab-2",
            "room_type": 1,
            "college": 2,
            "building": 3,
            "capacity": "33"
        }
    },
    {
        "model": "UPM.Room",
        "pk": 60,
        "fields":{
            "name": "DPSM Lab/Lecture Room",
            "slug": "dpsm-lab-lecture-room",
            "room_type": 1,
            "college": 2,
            "building": 3,
            "capacity": "27"
        }
    },
    {
        "model": "UPM.Room",
        "pk": 61,
        "fields":{
            "name": "CAS Audio Visual Room",
            "slug": "cas-audio-visual-room",
            "room_type": 1,
            "college": 2,
            "building": 3,
            "capacity": "57"
        }
    },
    {
        "model": "UPM.Room",
        "pk": 62,
        "fields":{
            "name": "Cybernook",
            "slug": "cybernook",
            "room_type": 1,
            "college": 2,
            "building": 3,
            "capacity": "38"
        }
    },
    {
        "model": "UPM.Room",
        "pk": 63,
        "fields":{
            "name": "DAC Lecture Room 1",
            "slug": "dac-lecture-room-1",
            "room_type": 1,
            "college": 2,
            "building": 3,
            "capacity": "41"
        }
    },
    {
        "model": "UPM.Room",
        "pk": 64,
        "fields":{
            "name": "DAC Lecture Room 2",
            "slug": "dac-lecture-room-2",
            "room_type": 1,
            "college": 2,
            "building": 3,
            "capacity": "41"
        }
    },
    {
        "model": "UPM.Room",
        "pk": 65,
        "fields":{
            "name": "DAC Lecture Room 3",
            "slug": "dac-lecture-room-3",
            "room_type": 1,
            "college": 2,
            "building": 3,
            "capacity": "41"
        }
    },
    {
        "model": "UPM.Room",
        "pk": 66,
        "fields":{
            "name": "DB Lecture Room",
            "slug": "db-lecture-room",
            "room_type": 1,
            "college": 2,
            "building": 3,
            "capacity": "41"
        }
    },
    {
        "model": "UPM.Room",
        "pk": 67,
        "fields":{
            "name": "DB Lab Storage",
            "slug": "db-lab-storage",
            "room_type": 1,
            "college": 2,
            "building": 3,
            "capacity": "31"
        }
    },
    {
        "model": "UPM.Room",
        "pk": 68,
        "fields":{
            "name": "DB Parasitology Lab",
            "slug": "db-parasitology-lab",
            "room_type": 1,
            "college": 2,
            "building": 3,
            "capacity": "25"
        }
    },
    {
        "model": "UPM.Room",
        "pk": 69,
        "fields":{
            "name": "DB Ecology and Systematics Lab",
            "slug": "db-ecology-and-systematic-lab",
            "room_type": 1,
            "college": 2,
            "building": 3,
            "capacity": "19"
        }
    },
    {
        "model": "UPM.Room",
        "pk": 70,
        "fields":{
            "name": "DB BSLR-2 Microbiology Lab",
            "slug": "db-bslr-2-microbiology-lab",
            "room_type": 1,
            "college": 2,
            "building": 3,
            "capacity": "25"
        }
    },
    {
        "model": "UPM.Room",
        "pk": 71,
        "fields":{
            "name": "DB General Botany Lab",
            "slug": "db-general-botany-lab",
            "room_type": 1,
            "college": 2,
            "building": 3,
            "capacity": "19"
        }
    },
    {
        "model": "UPM.Room",
        "pk": 72,
        "fields":{
            "name": "DB Storage",
            "slug": "db-storage",
            "room_type": 1,
            "college": 2,
            "building": 3,
            "capacity": "25"
        }
    },
    {
        "model": "UPM.Room",
        "pk": 73,
        "fields":{
            "name": "Room-300",
            "slug": "room-300",
            "room_type": 1,
            "college": 2,
            "building": 3,
            "capacity": "45"
        }
    },
    {
        "model": "UPM.Room",
        "pk": 74,
        "fields":{
            "name": "Room-301",
            "slug": "room-301",
            "room_type": 1,
            "college": 2,
            "building": 3,
            "capacity": "45"
        }
    },
    {
        "model": "UPM.Room",
        "pk": 75,
        "fields":{
            "name": "Room-302",
            "slug": "room-302",
            "room_type": 1,
            "college": 2,
            "building": 3,
            "capacity": "45"
        }
    },
    {
        "model": "UPM.Room",
        "pk": 76,
        "fields":{
            "name": "Social Hall",
            "slug": "social-hall",
            "room_type": 1,
            "college": 3,
            "building": 4,
            "capacity": "200"
        }
    },
    {
        "model": "UPM.Room",
        "pk": 77,
        "fields":{
            "name": "Board Room",
            "slug": "board-room",
            "room_type": 1,
            "college": 3,
            "building": 4,
            "capacity": "34"
        }
    },
    {
        "model": "UPM.Room",
        "pk": 78,
        "fields":{
            "name": "Room 1-1",
            "slug": "room-1-1",
            "room_type": 1,
            "college": 4,
            "building": 5,
            "capacity": "25"
        }
    },
    {
        "model": "UPM.Room",
        "pk": 79,
        "fields":{
            "name": "Room 1-2",
            "slug": "room-1-2",
            "room_type": 1,
            "college": 4,
            "building": 5,
            "capacity": "25"
        }
    },
    {
        "model": "UPM.Room",
        "pk": 80,
        "fields":{
            "name": "College of Dentistry Auditorium",
            "slug": "college-of-dentistry-auditorium",
            "room_type": 1,
            "college": 4,
            "building": 5,
            "capacity": "200"
        }
    },
    {
        "model": "UPM.Room",
        "pk": 81,
        "fields":{
            "name": "Biochem",
            "slug": "biochem",
            "room_type": 1,
            "college": 4,
            "building": 5,
            "capacity": "30"
        }
    },
    {
        "model": "UPM.Room",
        "pk": 82,
        "fields":{
            "name": "Room 2-1",
            "slug": "room-2-1",
            "room_type": 1,
            "college": 4,
            "building": 5,
            "capacity": "20"
        }
    },
    {
        "model": "UPM.Room",
        "pk": 83,
        "fields":{
            "name": "Lecture Room",
            "slug": "lecture-room",
            "room_type": 1,
            "college": 4,
            "building": 5,
            "capacity": "35"
        }
    },
    {
        "model": "UPM.Room",
        "pk": 84,
        "fields":{
            "name": "CD Classroom 1",
            "slug": "cd-classroom-1",
            "room_type": 1,
            "college": 4,
            "building": 5,
            "capacity": "60"
        }
    },
    {
        "model": "UPM.Room",
        "pk": 85,
        "fields":{
            "name": "CD Classroom 2",
            "slug": "cd-classroom-2",
            "room_type": 1,
            "college": 4,
            "building": 5,
            "capacity": "120"
        }
    },
    {
        "model": "UPM.Room",
        "pk": 86,
        "fields":{
            "name": "Research Laboratory",
            "slug": "research-laboratory",
            "room_type": 1,
            "college": 4,
            "building": 5,
            "capacity": "15"
        }
    },
    {
        "model": "UPM.Room",
        "pk": 87,
        "fields":{
            "name": "Laboratory",
            "slug": "laboratory",
            "room_type": 1,
            "college": 4,
            "building": 5,
            "capacity": "35"
        }
    },
    {
        "model": "UPM.Room",
        "pk": 88,
        "fields":{
            "name": "Consultation Room ",
            "slug": "consultation-room",
            "room_type": 1,
            "college": 4,
            "building": 5,
            "capacity": "5"
        }
    },
    {
        "model": "UPM.Room",
        "pk": 89,
        "fields":{
            "name": "CD Conference Room",
            "slug": "cd-conference-room",
            "room_type": 1,
            "college": 4,
            "building": 5,
            "capacity": "10"
        }
    },
    {
        "model": "UPM.Room",
        "pk": 90,
        "fields":{
            "name": "Clinical Room",
            "slug": "clinical-room",
            "room_type": 1,
            "college": 5,
            "building": 6,
            "capacity": "14"
        }
    },

    {
        "model": "UPM.Room",
        "pk": 91,
        "fields":{
            "name": "College of Nursing Auditorium",
            "slug": "college-of-nursing-auditorium",
            "room_type": 1,
            "college": 5,
            "building": 6,
            "capacity": "180"
        }
    },
    {
        "model": "UPM.Room",
        "pk": 92,
        "fields":{
            "name": "Room 201 & 202 Lab Room",
            "slug": "room-201-202-lab-room",
            "room_type": 1,
            "college": 5,
            "building": 6,
            "capacity": "10"
        }
    },
    {
        "model": "UPM.Room",
        "pk": 93,
        "fields":{
            "name": "Room 205 Lab Room",
            "slug": "room-205-lab-room",
            "room_type": 1,
            "college": 5,
            "building": 6,
            "capacity": "4"
        }
    },
    {
        "model": "UPM.Room",
        "pk": 94,
        "fields":{
            "name": "Room 206 & 207 Lab Room",
            "slug": "room-206-207-lab-room",
            "room_type": 1,
            "college": 5,
            "building": 6,
            "capacity": "8"
        }
    },
    {
        "model": "UPM.Room",
        "pk": 95,
        "fields":{
            "name": "Nursing Foundation Room 203 Lecture Room",
            "slug": "nursing-foundation-room-203-lecture-room",
            "room_type": 1,
            "college": 5,
            "building": 6,
            "capacity": "50"
        }
    },
    {
        "model": "UPM.Room",
        "pk": 96,
        "fields":{
            "name": "CN Room 204",
            "slug": "cn-room-204",
            "room_type": 1,
            "college": 5,
            "building": 6,
            "capacity": "3"
        }
    },
    {
        "model": "UPM.Room",
        "pk": 97,
        "fields":{
            "name": "Room 208",
            "slug": "room-208",
            "room_type": 1,
            "college": 5,
            "building": 6,
            "capacity": "3"
        }
    },
    {
        "model": "UPM.Room",
        "pk": 98,
        "fields":{
            "name": "Room 209",
            "slug": "room-209",
            "room_type": 1,
            "college": 5,
            "building": 6,
            "capacity": "3"
        }
    },
    {
        "model": "UPM.Room",
        "pk": 99,
        "fields":{
            "name": "Room 212 Lecture Room",
            "slug": "room-212-lecture-room",
            "room_type": 1,
            "college": 5,
            "building": 6,
            "capacity": "20"
        }
    },
    {
        "model": "UPM.Room",
        "pk": 100,
        "fields":{
            "name": "Room 213 Lecture Room",
            "slug": "room-213-lecture-room",
            "room_type": 1,
            "college": 5,
            "building": 6,
            "capacity": "20"
        }
    },
    {
        "model": "UPM.Room",
        "pk": 101,
        "fields":{
            "name": "Room 210 & 211 Lecture Room",
            "slug": "room-210-211-lecture-room",
            "room_type": 1,
            "college": 5,
            "building": 6,
            "capacity": "20"
        }
    },
    {
        "model": "UPM.Room",
        "pk": 102,
        "fields":{
            "name": "Room 320 Conference Room",
            "slug": "room-320-conference-room",
            "room_type": 1,
            "college": 5,
            "building": 6,
            "capacity": "8"
        }
    },
    {
        "model": "UPM.Room",
        "pk": 103,
        "fields":{
            "name": "CP Conference Room",
            "slug": "cp-conference-room",
            "room_type": 1,
            "college": 6,
            "building": 7,
            "capacity": "10"
        }
    },
    {
        "model": "UPM.Room",
        "pk": 104,
        "fields":{
            "name": "Industrial Pharmacy",
            "slug": "indsutrial-pharmacy",
            "room_type": 1,
            "college": 6,
            "building": 7,
            "capacity": "50"
        }
    },
    {
        "model": "UPM.Room",
        "pk": 105,
        "fields":{
            "name": "CP Audio Visual Room",
            "slug": "cp-audio-visual-room",
            "room_type": 1,
            "college": 6,
            "building": 7,
            "capacity": "10"
        }
    },
    {
        "model": "UPM.Room",
        "pk": 106,
        "fields":{
            "name": "Room 142",
            "slug": "room-142",
            "room_type": 1,
            "college": 6,
            "building": 7,
            "capacity": "10"
        }
    },
    {
        "model": "UPM.Room",
        "pk": 107,
        "fields":{
            "name": "Plant Chem Lab",
            "slug": "plant-chem-lab",
            "room_type": 1,
            "college": 6,
            "building": 7,
            "capacity": "15"
        }
    },
    {
        "model": "UPM.Room",
        "pk": 108,
        "fields":{
            "name": "Toxi Lab",
            "slug": "toxi-lab",
            "room_type": 1,
            "college": 6,
            "building": 7,
            "capacity": "15"
        }
    },
    {
        "model": "UPM.Room",
        "pk": 109,
        "fields":{
            "name": "Organic Lab",
            "slug": "organic-lab",
            "room_type": 1,
            "college": 6,
            "building": 7,
            "capacity": "15"
        }
    },
    {
        "model": "UPM.Room",
        "pk": 110,
        "fields":{
            "name": "Lecture Room 2-A",
            "slug": "lecture-room-2-a",
            "room_type": 1,
            "college": 6,
            "building": 7,
            "capacity": "15"
        }
    },
    {
        "model": "UPM.Room",
        "pk": 111,
        "fields":{
            "name": "Lecture Room 2-B",
            "slug": "lecture-room-2-b",
            "room_type": 1,
            "college": 6,
            "building": 7,
            "capacity": "15"
        }
    },
    {
        "model": "UPM.Room",
        "pk": 112,
        "fields":{
            "name": "College of Pharmacy Auditorium",
            "slug": "college-of-pharmacy-auditorium",
            "room_type": 1,
            "college": 6,
            "building": 7,
            "capacity": "192"
        }
    },
    {
        "model": "UPM.Room",
        "pk": 113,
        "fields":{
            "name": "Graduate Lab",
            "slug": "graduate-lab",
            "room_type": 1,
            "college": 6,
            "building": 7,
            "capacity": "15"
        }
    },
    {
        "model": "UPM.Room",
        "pk": 114,
        "fields":{
            "name": "CP Biochem",
            "slug": "cp-biochem",
            "room_type": 1,
            "college": 6,
            "building": 7,
            "capacity": "15"
        }
    },
    {
        "model": "UPM.Room",
        "pk": 115,
        "fields":{
            "name": "Microbiology/Physiology Lab",
            "slug": "microbiology-physiology-lab",
            "room_type": 1,
            "college": 6,
            "building": 7,
            "capacity": "15"
        }
    },
    {
        "model": "UPM.Room",
        "pk": 116,
        "fields":{
            "name": "Microscope Room",
            "slug": "microscope-room",
            "room_type": 1,
            "college": 6,
            "building": 7,
            "capacity": "15"
        }
    },
    {
        "model": "UPM.Room",
        "pk": 117,
        "fields":{
            "name": "Inorganic Lab",
            "slug": "inorganic-lab",
            "room_type": 1,
            "college": 6,
            "building": 7,
            "capacity": "15"
        }
    },
    {
        "model": "UPM.Room",
        "pk": 118,
        "fields":{
            "name": "Anatolia Panlilio Feliciano Lab",
            "slug": "anatolia-panlilio-feliciano-lab",
            "room_type": 1,
            "college": 6,
            "building": 7,
            "capacity": "15"
        }
    },
    {
        "model": "UPM.Room",
        "pk": 119,
        "fields":{
            "name": "Physical Pharmacy",
            "slug": "physical-pharmacy",
            "room_type": 1,
            "college": 6,
            "building": 7,
            "capacity": "15"
        }
    },
    {
        "model": "UPM.Room",
        "pk": 120,
        "fields":{
            "name": "Undergraduate Lab",
            "slug": "undergraduate-lab",
            "room_type": 1,
            "college": 6,
            "building": 7,
            "capacity": "3"
        }
    },
    {
        "model": "UPM.Room",
        "pk": 121,
        "fields":{
            "name": "Room 307 Lab",
            "slug": "room-307-lab",
            "room_type": 1,
            "college": 6,
            "building": 7,
            "capacity": "1"
        }
    },
    {
        "model": "UPM.Room",
        "pk": 122,
        "fields":{
            "name": "Room 308 Lab",
            "slug": "room-308-lab",
            "room_type": 1,
            "college": 6,
            "building": 7,
            "capacity": "1"
        }
    },
    {
        "model": "UPM.Room",
        "pk": 123,
        "fields":{
            "name": "Room 309 Lab",
            "slug": "room-309-lab",
            "room_type": 1,
            "college": 6,
            "building": 7,
            "capacity": "1"
        }
    },
    {
        "model": "UPM.Room",
        "pk": 124,
        "fields":{
            "name": "Room 310 Lab",
            "slug": "room-310-lab",
            "room_type": 1,
            "college": 6,
            "building": 7,
            "capacity": "1"
        }
    },
    {
        "model": "UPM.Room",
        "pk": 125,
        "fields":{
            "name": "Room 311 Lab",
            "slug": "room-311-lab",
            "room_type": 1,
            "college": 6,
            "building": 7,
            "capacity": "2"
        }
    },
    {
        "model": "UPM.Room",
        "pk": 126,
        "fields":{
            "name": "Room 312 Lab",
            "slug": "room-312-lab",
            "room_type": 1,
            "college": 6,
            "building": 7,
            "capacity": "3"
        }
    },
    {
        "model": "UPM.Room",
        "pk": 127,
        "fields":{
            "name": "Auditorium Mezzanine",
            "slug": "auditorium-mezzanine",
            "room_type": 1,
            "college": 6,
            "building": 7,
            "capacity": "42"
        }
    },
    {
        "model": "UPM.Room",
        "pk": 128,
        "fields":{
            "name": "Animal Lab Room",
            "slug": "animal-lab-room",
            "room_type": 1,
            "college": 6,
            "building": 7,
            "capacity": "2"
        }
    },
    {
        "model": "UPM.Room",
        "pk": 129,
        "fields":{
            "name": "Lecture Room 4-A",
            "slug": "lecture-room-4-a",
            "room_type": 1,
            "college": 6,
            "building": 7,
            "capacity": "10"
        }
    },
    {
        "model": "UPM.Room",
        "pk": 130,
        "fields":{
            "name": "Lecture Room 4-B",
            "slug": "lecture-room-4-b",
            "room_type": 1,
            "college": 6,
            "building": 7,
            "capacity": "10"
        }
    },
    {
        "model": "UPM.Room",
        "pk": 131,
        "fields":{
            "name": "CP Computer Room",
            "slug": "cp-computer-room",
            "room_type": 1,
            "college": 6,
            "building": 7,
            "capacity": "15"
        }
    },
    {
        "model": "UPM.Room",
        "pk": 132,
        "fields":{
            "name": "Microbiololgy Room",
            "slug": "microbiology-room",
            "room_type": 1,
            "college": 6,
            "building": 7,
            "capacity": "15"
        }
    },
    {
        "model": "UPM.Room",
        "pk": 133,
        "fields":{
            "name": "CPDM Conference Room",
            "slug": "cpdm-conference-room",
            "room_type": 1,
            "college": 7,
            "building": 8,
            "capacity": "5"
        }
    },
    {
        "model": "UPM.Room",
        "pk": 134,
        "fields":{
            "name": "Training Room",
            "slug": "training-room",
            "room_type": 1,
            "college": 8,
            "building": 9,
            "capacity": "23"
        }
    },
    {
        "model": "UPM.Room",
        "pk": 135,
        "fields":{
            "name": "Conference Room 1",
            "slug": "conference-room-1",
            "room_type": 1,
            "college": 8,
            "building": 9,
            "capacity": "15"
        }
    },
    {
        "model": "UPM.Room",
        "pk": 136,
        "fields":{
            "name": "Conference Room 2",
            "slug": "conference-room-2",
            "room_type": 1,
            "college": 8,
            "building": 9,
            "capacity": "6"
        }
    },
    {
        "model": "UPM.Room",
        "pk": 137,
        "fields":{
            "name": "ITC Classroom 1",
            "slug": "itc-classroom-1",
            "room_type": 1,
            "college": 8,
            "building": 9,
            "capacity": "5"
        }
    },
    {
        "model": "UPM.Room",
        "pk": 138,
        "fields":{
            "name": "Audio Visual Room",
            "slug": "audio-visual-room",
            "room_type": 1,
            "college": 8,
            "building": 9,
            "capacity": "32"
        }
    },
    {
        "model": "UPM.Room",
        "pk": 139,
        "fields":{
            "name": "Classroom 2",
            "slug": "classroom-2",
            "room_type": 1,
            "college": 8,
            "building": 9,
            "capacity": "5"
        }
    },
    {
        "model": "UPM.Room",
        "pk": 140,
        "fields":{
            "name": "MHI Conference Room",
            "slug": "mhi-conference-room",
            "room_type": 1,
            "college": 9,
            "building": 10,
            "capacity": "6"
        }
    },
    {
        "model": "UPM.Room",
        "pk": 141,
        "fields":{
            "name": "CPH Computer Room",
            "slug": "cph-computer-room",
            "room_type": 1,
            "college": 10,
            "building": 11,
            "capacity": "17"
        }
    },
    {
        "model": "UPM.Room",
        "pk": 142,
        "fields":{
            "name": "Room 106",
            "slug": "room-106",
            "room_type": 1,
            "college": 10,
            "building": 11,
            "capacity": "17"
        }
    },
    {
        "model": "UPM.Room",
        "pk": 143,
        "fields":{
            "name": "Room 104B",
            "slug": "room-104b",
            "room_type": 1,
            "college": 10,
            "building": 11,
            "capacity": "11"
        }
    },
    {
        "model": "UPM.Room",
        "pk": 144,
        "fields":{
            "name": "Room 104A",
            "slug": "room-104a",
            "room_type": 1,
            "college": 10,
            "building": 11,
            "capacity": "24"
        }
    },
    {
        "model": "UPM.Room",
        "pk": 145,
        "fields":{
            "name": "Room 102",
            "slug": "room-102",
            "room_type": 1,
            "college": 10,
            "building": 11,
            "capacity": "24"
        }
    },
    {
        "model": "UPM.Room",
        "pk": 146,
        "fields":{
            "name": "Room 109",
            "slug": "room-109",
            "room_type": 1,
            "college": 10,
            "building": 11,
            "capacity": "18"
        }
    },
    {
        "model": "UPM.Room",
        "pk": 147,
        "fields":{
            "name": "Lepto Animal Lab",
            "slug": "lepto-animal-lab",
            "room_type": 1,
            "college": 10,
            "building": 11,
            "capacity": "19"
        }
    },
    {
        "model": "UPM.Room",
        "pk": 148,
        "fields":{
            "name": "Room 213A",
            "slug": "room-213a",
            "room_type": 1,
            "college": 10,
            "building": 11,
            "capacity": "19"
        }
    },
    {
        "model": "UPM.Room",
        "pk": 149,
        "fields":{
            "name": "Room 213B",
            "slug": "room-213b",
            "room_type": 1,
            "college": 10,
            "building": 11,
            "capacity": "19"
        }
    },
    {
        "model": "UPM.Room",
        "pk": 150,
        "fields":{
            "name": "Room 211",
            "slug": "room-211",
            "room_type": 1,
            "college": 10,
            "building": 11,
            "capacity": "19"
        }
    },
    {
        "model": "UPM.Room",
        "pk": 151,
        "fields":{
            "name": "Room 216",
            "slug": "room-216",
            "room_type": 1,
            "college": 10,
            "building": 11,
            "capacity": "16"
        }
    },
    {
        "model": "UPM.Room",
        "pk": 152,
        "fields":{
            "name": "Room 214",
            "slug": "room-214",
            "room_type": 1,
            "college": 10,
            "building": 11,
            "capacity": "17"
        }
    },
    {
        "model": "UPM.Room",
        "pk": 153,
        "fields":{
            "name": "Room 212",
            "slug": "room-212",
            "room_type": 1,
            "college": 10,
            "building": 11,
            "capacity": "18"
        }
    },
    {
        "model": "UPM.Room",
        "pk": 154,
        "fields":{
            "name": "Room 210",
            "slug": "room-210",
            "room_type": 1,
            "college": 10,
            "building": 11,
            "capacity": "20"
        }
    },
    {
        "model": "UPM.Room",
        "pk": 155,
        "fields":{
            "name": "LH Room 208",
            "slug": "lh-room-208",
            "room_type": 1,
            "college": 10,
            "building": 11,
            "capacity": "20"
        }
    },
    {
        "model": "UPM.Room",
        "pk": 156,
        "fields":{
            "name": "LH Room 309",
            "slug": "lh-room-309",
            "room_type": 1,
            "college": 10,
            "building": 11,
            "capacity": "11"
        }
    },
    {
        "model": "UPM.Room",
        "pk": 157,
        "fields":{
            "name": "LH Room 308",
            "slug": "lh-room-308",
            "room_type": 1,
            "college": 10,
            "building": 11,
            "capacity": "15"
        }
    },
    {
        "model": "UPM.Room",
        "pk": 158,
        "fields":{
            "name": "LH Room 307",
            "slug": "lh-room-307",
            "room_type": 1,
            "college": 10,
            "building": 11,
            "capacity": "15"
        }
    },
    {
        "model": "UPM.Room",
        "pk": 159,
        "fields":{
            "name": "LH Room 306",
            "slug": "lh-room-306",
            "room_type": 1,
            "college": 10,
            "building": 11,
            "capacity": "17"
        }
    },
    {
        "model": "UPM.Room",
        "pk": 160,
        "fields":{
            "name": "LH Room 305",
            "slug": "lh-room-305",
            "room_type": 1,
            "college": 10,
            "building": 11,
            "capacity": "19"
        }
    },
    {
        "model": "UPM.Room",
        "pk": 161,
        "fields":{
            "name": "LH Room 304",
            "slug": "lh-room-304",
            "room_type": 1,
            "college": 10,
            "building": 11,
            "capacity": "22"
        }
    },
    {
        "model": "UPM.Room",
        "pk": 162,
        "fields":{
            "name": "LH Room 303",
            "slug": "lh-room-303",
            "room_type": 1,
            "college": 10,
            "building": 11,
            "capacity": "19"
        }
    },
    {
        "model": "UPM.Room",
        "pk": 163,
        "fields":{
            "name": "LH Room 302",
            "slug": "lh-room-302",
            "room_type": 1,
            "college": 10,
            "building": 11,
            "capacity": "25"
        }
    },
    {
        "model": "UPM.Room",
        "pk": 164,
        "fields":{
            "name": "Laboratory Room 301",
            "slug": "laboratory-room-301",
            "room_type": 1,
            "college": 10,
            "building": 11,
            "capacity": "10"
        }
    },
    {
        "model": "UPM.Room",
        "pk": 165,
        "fields":{
            "name": "Lepto Conference Room",
            "slug": "lepto-conference-room",
            "room_type": 1,
            "college": 10,
            "building": 11,
            "capacity": "18"
        }
    },
    {
        "model": "UPM.Room",
        "pk": 166,
        "fields":{
            "name": "LH Room 412",
            "slug": "lh-room-412",
            "room_type": 1,
            "college": 10,
            "building": 11,
            "capacity": "22"
        }
    },
    {
        "model": "UPM.Room",
        "pk": 167,
        "fields":{
            "name": "LH Room 410",
            "slug": "lh-room-410",
            "room_type": 1,
            "college": 10,
            "building": 11,
            "capacity": "15"
        }
    },
    {
        "model": "UPM.Room",
        "pk": 168,
        "fields":{
            "name": "LH Room 407",
            "slug": "lh-room-407",
            "room_type": 1,
            "college": 10,
            "building": 11,
            "capacity": "54"
        }
    },
    {
        "model": "UPM.Room",
        "pk": 169,
        "fields":{
            "name": "Virus Lab",
            "slug": "virus-lab",
            "room_type": 1,
            "college": 10,
            "building": 11,
            "capacity": "15"
        }
    },
    {
        "model": "UPM.Room",
        "pk": 170,
        "fields":{
            "name": "CPH Parasitology Lab",
            "slug": "cph-parasitology-lab",
            "room_type": 1,
            "college": 10,
            "building": 11,
            "capacity": "14"
        }
    },
    {
        "model": "UPM.Room",
        "pk": 171,
        "fields":{
            "name": "LH Room 408",
            "slug": "lh-room-408",
            "room_type": 1,
            "college": 10,
            "building": 11,
            "capacity": "15"
        }
    },
    {
        "model": "UPM.Room",
        "pk": 172,
        "fields":{
            "name": "LH Room 406",
            "slug": "lh-room-406",
            "room_type": 1,
            "college": 10,
            "building": 11,
            "capacity": "14"
        }
    },
    {
        "model": "UPM.Room",
        "pk": 173,
        "fields":{
            "name": "LH Room 404",
            "slug": "lh-room-404",
            "room_type": 1,
            "college": 10,
            "building": 11,
            "capacity": "45"
        }
    },
    {
        "model": "UPM.Room",
        "pk": 174,
        "fields":{
            "name": "Autoclave Room",
            "slug": "autoclave-room",
            "room_type": 1,
            "college": 10,
            "building": 11,
            "capacity": "34"
        }
    },
    {
        "model": "UPM.Room",
        "pk": 175,
        "fields":{
            "name": "Dance Studio A",
            "slug": "dance-studio-a",
            "room_type": 1,
            "college": 2,
            "building": 12,
            "capacity": "22"
        }
    },
    {
        "model": "UPM.Room",
        "pk": 176,
        "fields":{
            "name": "Dance Studio B",
            "slug": "dance-studio-b",
            "room_type": 1,
            "college": 2,
            "building": 12,
            "capacity": "22"
        }
    },
    {
        "model": "UPM.Room",
        "pk": 177,
        "fields":{
            "name": "Martial Arts Room",
            "slug": "martial-arts-room",
            "room_type": 1,
            "college": 2,
            "building": 12,
            "capacity": "18"
        }
    },
    {
        "model": "UPM.Room",
        "pk": 178,
        "fields":{
            "name": "Weights Room",
            "slug": "weights-room",
            "room_type": 1,
            "college": 2,
            "building": 12,
            "capacity": "35"
        }
    },
    {
        "model": "UPM.Room",
        "pk": 179,
        "fields":{
            "name": "SWC Lecture Room 1",
            "slug": "swc-lecture-room-1",
            "room_type": 1,
            "college": 2,
            "building": 12,
            "capacity": "27"
        }
    },
    {
        "model": "UPM.Room",
        "pk": 180,
        "fields":{
            "name": "SWC Lecture Room 2",
            "slug": "swc-lecture-room-2",
            "room_type": 1,
            "college": 2,
            "building": 12,
            "capacity": "27"
        }
    },
    {
        "model": "UPM.Room",
        "pk": 181,
        "fields":{
            "name": "Multi-purpose Room 1",
            "slug": "multi-purpose-room-1",
            "room_type": 1,
            "college": 2,
            "building": 12,
            "capacity": "36"
        }
    },
    {
        "model": "UPM.Room",
        "pk": 182,
        "fields":{
            "name": "Multi-purpose Room 2",
            "slug": "multi-purpose-room-2",
            "room_type": 1,
            "college": 2,
            "building": 12,
            "capacity": "36"
        }
    },
    {
        "model": "UPM.Room",
        "pk": 183,
        "fields":{
            "name": "Multi-purpose Room 3",
            "slug": "multi-purpose-room-3",
            "room_type": 1,
            "college": 2,
            "building": 12,
            "capacity": "106"
        }
    },
    {
        "model": "UPM.Room",
        "pk": 184,
        "fields":{
            "name": "Multi-purpose Room 4",
            "slug": "multi-purpose-room-4",
            "room_type": 1,
            "college": 2,
            "building": 12,
            "capacity": "71"
        }
    },
    {
        "model": "UPM.Room",
        "pk": 185,
        "fields":{
            "name": "SWC Conference Room",
            "slug": "swc-conference-room",
            "room_type": 1,
            "college": 2,
            "building": 12,
            "capacity": "30"
        }
    }
]